{
  "Employees": [
    {
      "id": 1,
      "userId": "John",
      "jobTitleName": "Software Engineer",
      "firstName": "Johb",
      "lastName": "Kennedy",
      "preferredFullName": "John Kennedy",
      "employeeCode": "E1",
      "region": "CA",
      "phoneNumber": "408-2222222",
      "emailAddress": "tomhanks@gmail.com"
    },
	{
      "id": 2,
      "userId": "Stephen",
      "jobTitleName": "Technical Lead",
      "firstName": "Stephen",
      "lastName": "Walter",
      "preferredFullName": "Stephen Walter",
      "employeeCode": "E2",
      "region": "BA",
      "phoneNumber": "408-2222200",
      "emailAddress": "stephen@gmail.com"
    },
    {
      "id": 3,
      "userId": "thanks",
      "jobTitleName": "Program Directory",
      "firstName": "Tom",
      "lastName": "Hanks",
      "preferredFullName": "Tom Hanks",
      "employeeCode": "E3",
      "region": "CA",
      "phoneNumber": "408-2229922",
      "emailAddress": "tomhanks@gmail.com"
    }
  ]
}